,publishing_date,author,tags_archive,title
10,2020-12-20T15:00:41-06:00,BBC News Mundo,[],SolarWinds: 5 ataques informáticos de Rusia que transformaron la ciberseguridad en Estados Unidos
83,2022-03-04T10:18:02-06:00,EFE,[],Microsoft suspende las ventas de sus productos y servicios en Rusia
85,2022-03-01T05:00:46-06:00,"Elder Interiano, Especial para Prensa Libre","['CIBERATAQUES', 'CLAVE ECONÓMICA', 'CONFLICTO RUSIA-UCRANIA', 'PL PLUS']",Conflicto Rusia-Ucrania: ¿Cuáles son los riesgos de una guerra cibernética y cómo impacta a Guatemala?		
88,2022-02-18T14:57:22-06:00,EFE,[],EE. UU. acusa a Rusia de los ciberataques que Ucrania sufrió esta semana
153,2022-02-28T09:44:24-06:00,Juan Carlos Ortega,[],Conflicto Rusia-Ucrania: sitios del gobierno ruso y agencias de noticias sufren ataques cibernéticos
82,2022-03-06T13:45:09-06:00,The Conversation/ Marta Beltrán,[],¿Puede la invasión de Ucrania intensificar la ciberguerra?
