,publishing_date,author,tags_archive,title
61,2022-06-29T09:26:55-06:00,Redacción EFE,[],"Cuáles son las prácticas más peligrosas en Facebook, Instagram, Twitter, LinkedIn, TikTok y WhatsApp en donde te pueden hackear"
306,2019-04-03T15:48:32-06:00,ACAN-EFE,[],Encuentran datos de millones de usuarios de Facebook expuestos en la red
318,2021-09-24T14:21:16-06:00,Ryan Mac y Sheera Frenkel. C. The New York Times Company 2021,"['FACEBOOK', 'PL PLUS', 'RECOMENDACIÓN DE LOS EDITORES', 'THE NEW YORK TIMES COMPANY']",Este es el plan de Facebook para defender su imagen y así cambiará lo que usted mira		
413,2020-05-03T19:33:06-06:00,BBC News Mundo,[],Noticias falsas y coronavirus: “Me arrestaron por inventarme en Facebook que tenía covid-19”
160,2021-08-09T11:04:11-06:00,Redacción,[],WhatsApp Web: Esta es la forma para ocultar que está “en línea” en la versión de escritorio
165,2020-11-10T19:29:25-06:00,Redacción,[],WhatsApp Web: 4 útiles extensiones de Chrome para aprovechar más la aplicación
173,2019-11-26T09:49:29-06:00,BBC News Mundo,[],WhatsApp: cómo poner el modo oscuro cuando usas la aplicación en la web (aunque esa opción aún no “exista” oficialmente)
248,2015-08-01T12:29:57-06:00,REDACCIÓN TECNO,[],La seguridad  de los usuarios de WhatsApp vuelve a ser vulnerable
267,2017-03-15T15:23:18-06:00,REDACCIÓN TECNO,[],Descubren cómo hackear WhatsApp con una foto
446,2017-04-18T13:39:24-06:00,EFE,[],Desarticulan red de pornografía que operaba por WhatsApp
451,2017-01-21T17:26:56-06:00,Redacción,[],Capturan a extorsionador que usaba WhatsApp para esos ilícitos 
45,2022-09-12T17:40:28-06:00,Pavel Arellano,[],Twitter rechaza nuevos argumentos de Elon Musk para la cancelación de la compra de la red social
46,2022-09-04T18:44:03-06:00,BBC News Mundo,[],Twitter: un exjefe de seguridad denuncia los fallos de seguridad de la red social (y cómo puede influir en la batalla con Elon Musk)
50,2022-08-24T12:47:18-06:00,BBC News Mundo,[],Los fallos de seguridad en Twitter que denunció un exjefe de seguridad de la red social (y cómo puede influir en la batalla con Elon Musk)
247,2015-08-17T00:00:00-06:00,Cristian Noé Dávila,[],Cómo interactuar con seguridad en las redes sociales
286,2010-11-09T10:52:01-06:00,Redacción AFP,[],Programa impide a usuarios acceder a redes sociales cuando están ebrios
313,2022-08-18T05:03:31-06:00,Sara Solórzano,[],"Van más de 3,500 denuncias por delitos a través de redes sociales en Guatemala"
402,2021-10-05T09:21:13-06:00,Julio Román y Maria Andrea Dominguez Velasco,[],Redes sociales: la nueva modalidad con la que pandilleros reclutan a menores de edad en Guatemala
423,2019-07-05T09:00:07-06:00,Fátima Herrera,[],¿Cuáles son los riesgos de publicar las fotos de sus hijos en redes sociales?
439,2017-08-08T07:29:33-06:00,Miguel Barrientos,[],Capturados distribuían pornografía infantil en redes sociales
467,2014-09-25T00:00:00-06:00,JESSICA GRAMAJO,[],Ley buscaría regular uso de redes sociales
138,2020-11-11T05:00:41-06:00,Alejandro Ortiz,[],Apps y sitios web para potenciar su cuenta de Instagram
13,2020-07-16T12:36:43-06:00,Daniel Guillén Flores,[],Twitter investiga hackeo masivo que plantea dudas sobre ciberseguridad
147,2012-11-03T00:00:00-06:00,Redacción AFP,[],"Sitios ‘web’, ‘blogs’ y cuentas de Twitter para seguir las elecciones de EE. UU."
273,2015-07-30T11:35:42-06:00,WASHINGTON / AFP,[],Hackers usan Twitter para atacar sistemas de EE. UU.  
360,2017-09-26T16:35:24-06:00,Redacción AFP,[],Twitter ensaya duplicar el límite de cada tuit a 280 caracteres
431,2019-01-12T14:55:04-06:00,BBC News Mundo,[],Cómo recuperé la identidad digital que unos troles me robaron en Twitter
