	publishing_date	author	tags_archive	title
394	2022-09-03T15:48:00-06:00	Buena Vida	[]	Cuidado con las estafas alrededor del álbum del Mundial de Qatar
405	2021-02-15T05:00:29-06:00	Katerin Chumil	[]	Fraudes y estafas se incrementaron durante la pandemia
416	2020-04-23T05:00:42-06:00	Katerin Chumil	[]	La emergencia del coronavirus ha servido de señuelo para realizar estafas por internet
408	2020-10-13T05:00:20-06:00	Urías Gamarro	[]	Lavado de dinero: Proponen vigilar más de cerca a videoloterías, casinos y empresas que reciben remesas
409	2020-08-19T05:00:37-06:00	Urías Gamarro	[]	Coronavirus: Estos son los delitos para lavar dinero que se dispararon por la pandemia
